{
  "train_loss": [
    -4.3566198533535,
    -4.427219094944,
    -4.474170101356506,
    -4.4853973516941075,
    -4.560882759475708,
    -4.516595636510849,
    -4.545162024414539,
    -4.619456293559074,
    -4.698692889690399,
    -4.730524021434784,
    -4.761962561893463,
    -4.744842612838745,
    -4.803182544159889,
    -5.022591428661347,
    -5.048579762268067,
    -5.057082312703133,
    -5.090843618869782,
    -5.088869981694222,
    -5.091231479644775,
    -5.125303096199036,
    -5.177883053779602,
    -5.198017816352844,
    -5.183906822967529,
    -5.210482860088349,
    -5.257046518230438,
    -5.237870192623139,
    -5.264075590419769,
    -5.268960139656067,
    -5.26272825164795,
    -5.302631887817383,
    -5.288371656608581,
    -5.335206925010681,
    -5.3550730838775635,
    -5.3648637681961056,
    -5.464507483863831,
    -5.480462136268616,
    -5.509827078247071,
    -5.5154644363403325,
    -5.5344430498123165,
    -5.51003008556366,
    -5.547682383918763,
    -5.580340688323974,
    -5.588284496307373,
    -5.292492103099823,
    -5.292177523994446,
    -5.316571237564087,
    -5.299055748420954,
    -5.356775743103027,
    -5.319374423313141,
    -5.333290554523468,
    -5.371837695884705,
    -5.366425190639496,
    -5.348234740543366,
    -5.402017740249634,
    -5.425678611564636,
    -5.42020912437439,
    -5.445459601593018,
    -5.449151085472107,
    -5.4793758331298825,
    -5.495027844142914,
    -5.556271201896667,
    -5.591812713050842,
    -5.614535968589783,
    -5.615389333915711,
    -5.632206080245972,
    -5.624813450050354,
    -5.704548854637146,
    -5.71760437374115,
    -5.721793399333954
  ],
  "val_loss": [
    -1.9849153465479612,
    -1.8430329781472683,
    -1.7130097663402557,
    -1.8990300266593694,
    -2.029304145202041,
    -1.9032422765046357,
    -2.122944305896759,
    -1.9796427792608737,
    -1.9772289716750384,
    -1.8555467163473367,
    -1.940879044264555,
    -1.8200995030105114,
    -1.9176173250377178,
    -1.8877299082875252,
    -2.1462689478844403,
    -2.1944201813191175,
    -2.0889003158807755,
    -2.2105001197457312,
    -1.9757988479286432,
    -2.0791303531378507,
    -1.9271277650147676,
    -2.055068974584341,
    -2.103165572360158,
    -2.2405237046033144,
    -2.226692009806633,
    -2.0798830120265484,
    -2.183378016397357,
    -2.309345765262842,
    -2.152284386828542,
    -2.2882887559086083,
    -2.2030097473859787,
    -2.1515274920761587,
    -2.147857794061303,
    -2.271993421062827,
    -1.936331688836217,
    -2.090074376761913,
    -2.1883174642771483,
    -2.1191435233652594,
    -2.2166842073053123,
    -2.1268313351869583,
    -2.1992884051054715,
    -2.1226184417754412,
    -2.084525696903467,
    -2.0892104320526124,
    -2.1350757485032084,
    -2.133283945918083,
    -2.0127584857195617,
    -2.2569147306382655,
    -2.1030236257612707,
    -2.087492575496435,
    -2.098889972344041,
    -2.068805261850357,
    -2.051085651010275,
    -2.29324250844121,
    -2.119936035692692,
    -2.0401891053169967,
    -2.0510432795882223,
    -2.1008181769102814,
    -2.190976323455572,
    -2.0816426739543674,
    -2.214549581065774,
    -2.0916725551486017,
    -2.16342229808867,
    -2.1779928572028875,
    -2.1155005677491427,
    -2.072612069621682,
    -2.0902987400740387,
    -2.109957266151905,
    -2.0888667531013487
  ],
  "train_sisnr": [
    9.916987863969803,
    10.0587742978096,
    10.156525296211242,
    10.172473593521119,
    10.324847117233276,
    10.236600931358337,
    10.296494592475891,
    10.443550669193268,
    10.601389797782899,
    10.665132595062255,
    10.725271799087524,
    10.691866554641724,
    10.809146495532989,
    11.24741081161499,
    11.29919894104004,
    11.315500329589844,
    11.385851288223266,
    11.381861670684815,
    11.38567287902832,
    11.452581902313232,
    11.560785851669312,
    11.600692059326171,
    11.567467663574218,
    11.623466965484619,
    11.71861933708191,
    11.67773557624817,
    11.733559125518799,
    11.739965327835083,
    11.730938779830932,
    11.806889627838135,
    11.782535968399047,
    11.872279233169555,
    11.912498679351806,
    11.931477376556396,
    12.132262496948242,
    12.163101756668091,
    12.218606159591674,
    12.23279268913269,
    12.276128720474244,
    12.221268697357178,
    12.298125371170045,
    12.362861588287354,
    12.375633850860595,
    11.785888520812989,
    11.785362775802612,
    11.836775572776794,
    11.799229664611817,
    11.918207753372192,
    11.842711021423339,
    11.872857596969604,
    11.945837983703614,
    11.937864142608642,
    11.896912633514404,
    12.007055381011963,
    12.05207444343567,
    12.044893735122681,
    12.094975117874146,
    12.098815823364259,
    12.163170514297486,
    12.195006385803223,
    12.316576082229615,
    12.384203628540039,
    12.432468735885621,
    12.433490929412843,
    12.468953659820556,
    12.453229696655274,
    12.612910318756104,
    12.63841005630493,
    12.646296078300477
  ],
  "val_sisnr": [
    5.448470152616501,
    5.166178136348725,
    4.921346940547227,
    5.295001546442509,
    5.529519405096769,
    5.297246226072311,
    5.726977702468633,
    5.439003375798464,
    5.4438226943016055,
    5.197094285011292,
    5.374778596162796,
    5.130048994883895,
    5.316440637171269,
    5.2535927001833915,
    5.775172051310539,
    5.87469525206089,
    5.66332618662715,
    5.908684149920941,
    5.432005105912685,
    5.653497705757618,
    5.335223808526993,
    5.591447752296925,
    5.692227723240852,
    5.971119791984558,
    5.939564532756806,
    5.644170441508293,
    5.848311531901359,
    6.100030374288559,
    5.785100257575512,
    6.064668660759926,
    5.888256989836693,
    5.784407205581665,
    5.780886919021606,
    6.032876086950302,
    5.357741610646248,
    5.666768118619919,
    5.8614751510024075,
    5.725725006222725,
    5.9181279280781744,
    5.740146491885185,
    5.884184573352337,
    5.731157812952995,
    5.654020801842213,
    5.665311953246594,
    5.757891543090343,
    5.7486628558635715,
    5.51550474178791,
    5.996701092362404,
    5.695122872471809,
    5.660965956509114,
    5.683944766163826,
    5.623959189504385,
    5.58744713294506,
    6.073976379394531,
    5.727720442771911,
    5.570014179229736,
    5.588190696656704,
    5.693497460663319,
    5.868861350715161,
    5.655007692962885,
    5.909946707457304,
    5.664947446465492,
    5.806299545645714,
    5.836474983930588,
    5.712490224957466,
    5.628487987160683,
    5.664620903670788,
    5.702187584996223,
    5.660902476668358
  ],